Total Solar Generation,Date,weather_code (wmo code),temperature_2m_max (°C),temperature_2m_min (°C),temperature_2m_mean (°C),sunshine_duration (s),rain_sum (mm)
646.573,12/1/2020,0,23.4,11.3,17.1,35001.81,0
655.253,12/2/2020,0,22.9,12,17.1,34955.89,0
567.44,12/3/2020,0,21.8,12,16.8,34911.8,0
565.205,12/4/2020,51,21.1,12.1,17,34669.88,0.1
561.015,12/5/2020,51,20.6,11.8,16.4,34829.31,0.9
541.633,12/6/2020,51,20.3,12.6,16.6,34666.01,0.5
409.393,12/7/2020,51,20.2,12.4,16.4,33676.64,0.4
339.82,12/8/2020,3,20.3,14.1,17,31737.24,0
409.012,12/9/2020,3,20.9,13.8,17.2,33516.22,0
105.064,12/10/2020,3,20.5,14.6,17.1,32335.01,0
270.544,12/11/2020,3,19.5,14.9,16.8,33118.83,0
363.582,12/12/2020,3,20.1,13.4,16.4,24369.5,0
444.913,12/13/2020,1,19.9,10.7,15.4,34584.56,0
572.981,12/14/2020,0,20.2,11.7,15.9,34564.54,0
597.497,12/15/2020,3,20.4,10.1,14.7,34424.05,0
564.045,12/16/2020,1,19.5,9.9,14.4,33760.17,0
543.421,12/17/2020,0,18.9,9.1,13.6,34499.48,0
494.879,12/18/2020,0,15.6,6.8,11,34466.55,0
236.082,12/19/2020,3,14.5,5.7,10.6,34273.98,0
431.514,12/20/2020,1,18.7,7.4,12.8,34003.97,0
508.118,12/21/2020,0,20,7.9,13.6,34255.14,0
544.824,12/22/2020,0,20,9.2,13.8,34117.33,0
534.349,12/23/2020,2,19.2,8.8,13.9,33854.5,0
518.56,12/24/2020,1,18.9,9.1,13.5,33469.79,0
495.88,12/25/2020,0,18.9,8.3,13.4,33966.19,0
448.151,12/26/2020,3,16.6,7.4,12.2,33834.52,0
477.759,12/27/2020,0,18.3,7.7,13.1,33827.89,0
488.304,12/28/2020,0,18.1,8.3,12.9,33821.35,0
464.63,12/29/2020,0,18.9,7,13,33693.72,0
468.997,12/30/2020,0,19.1,8.5,13.6,33688.36,0
468.617,12/31/2020,0,18.9,7.4,13.1,33683.16,0
472.117,1/1/2021,0,19.1,7.6,13.4,33678.23,0
441.505,1/2/2021,1,19.7,7.9,13.6,33555.36,0
417.881,1/3/2021,2,19.1,7.9,13.8,32963.64,0
90.266,1/4/2021,3,18.6,11.5,14.9,6711.33,0
154.234,1/5/2021,3,20.8,12.4,16.2,10873.86,0
450.736,1/6/2021,1,23,11.5,17.4,33309.86,0
458.723,1/7/2021,0,21.1,10.8,15.9,33443.84,0
378.823,1/8/2021,2,20,11.5,15.7,33205.98,0
356.701,1/9/2021,1,21.3,11.3,16,33314.91,0
361.762,1/10/2021,2,20.2,11.3,15.4,33076.89,0
91.267,1/11/2021,51,17.7,13.1,15.2,23161.6,0.3
145.832,1/12/2021,3,15.5,10.8,13.4,31621.38,0
177.04,1/13/2021,3,16.6,9.1,12.4,32955.07,0
235.853,1/14/2021,3,16.7,10.5,13.3,31213.2,0
318.417,1/15/2021,2,18,10.1,13.5,33125.39,0
70.857,1/16/2021,51,16.8,8.6,13,30444.55,0.3
428.372,1/17/2021,3,18.5,10.4,13.9,33187.6,0
501.026,1/18/2021,0,20,10.2,14.8,33633.79,0
462.252,1/19/2021,2,19.5,9.9,15,33207.77,0
261.874,1/20/2021,51,18.3,10.8,14.2,32593.54,0.1
235.841,1/21/2021,51,15.4,10.2,12.6,28635.21,0.5
394.148,1/22/2021,0,17,8.4,12.9,34071.04,0
468.931,1/23/2021,0,18.3,8.1,13.2,34305.15,0
447.383,1/24/2021,2,18,8.9,13.2,34310.15,0
470.607,1/25/2021,0,18.7,7.9,13.1,34787.46,0
497.203,1/26/2021,0,17.8,7.6,12.3,34913.72,0
515.543,1/27/2021,3,16.3,7.2,11.5,34804.09,0
527.402,1/28/2021,0,18,6.5,12.3,35055.71,0
525.685,1/29/2021,0,19.5,8.6,13,35434.65,0
222.07,1/30/2021,2,16.3,6.5,11.2,35572.33,0
660.56,1/31/2021,0,17.3,6.3,11.6,35710.84,0
643.369,2/1/2021,0,17.8,6.3,12.2,35979.61,0
632.992,2/2/2021,0,18.5,6.9,12.8,35994.82,0
646.477,2/3/2021,0,20.6,7.9,13.9,36466.79,0
634.878,2/4/2021,0,20.7,8.3,14.6,36718.29,0
275.087,2/5/2021,2,20.9,9.5,15.4,36296.97,0
605.784,2/6/2021,53,18.3,9.4,13.7,32622.42,1.2
690.667,2/7/2021,0,20.1,8.6,13.8,36982.77,0
658.732,2/8/2021,0,21.2,9.1,14.7,37072.64,0
597.818,2/9/2021,0,19.7,9.4,14.5,37163.19,0
419.431,2/10/2021,2,20.3,8.9,15.1,34667.64,0
507.06,2/11/2021,0,21,10,15.6,37345.94,0
458.067,2/12/2021,2,21.9,10.4,16.1,37437.95,0
448.331,2/13/2021,2,22.1,12.3,17.1,37130.35,0
434.789,2/14/2021,51,22,12.7,17.3,35807.05,0.1
428.336,2/15/2021,51,22,12.7,17,37588.74,0.3
466.999,2/16/2021,51,21.5,11.3,16.8,37641.46,0.4
579.639,2/17/2021,2,22.5,11.7,17,37900.63,0
462.929,2/18/2021,1,22.1,12.4,16.8,36415.64,0
565.518,2/19/2021,0,24.4,11.8,17.8,38088.07,0
521.897,2/20/2021,0,24.1,12.1,18,38183.14,0
554.889,2/21/2021,0,23.9,12.2,18,38279.01,0
494.098,2/22/2021,0,23.6,12.4,17.7,38375.57,0
449.935,2/23/2021,0,24,12.9,18.5,38472.75,0
375.737,2/24/2021,1,23.6,13.9,19.2,37929.67,0
307.573,2/25/2021,3,23.8,13.3,19.1,38668.58,0
321.145,2/26/2021,51,23.9,14,19.2,38660.64,1.1
321.832,2/27/2021,51,24.1,15,19.5,38865.81,0.7
475.97,2/28/2021,53,25.5,16.3,20.6,38964.75,1.3
762.021,3/1/2021,0,25.6,12.8,19.6,39063.8,0
869.487,3/2/2021,0,23.2,11.3,17.3,39162.89,0
700.645,3/3/2021,0,23.7,11.4,17.6,39261.93,0
606.529,3/4/2021,1,24.6,12.6,18.8,39360.84,0
611.686,3/5/2021,0,24.9,13.7,19.4,39411.47,0
645.908,3/6/2021,1,23.1,12.7,18.4,39447.23,0
472.221,3/7/2021,51,22.6,12.4,18.1,38879,0.8
632.832,3/8/2021,2,24.7,14.1,19.5,39517.78,0
686.254,3/9/2021,0,26.4,14,20.5,39552.57,0
509.433,3/10/2021,51,26.7,15.3,20.5,39586.92,0.5
821.885,3/11/2021,51,26.9,14.8,20.8,39600,0.1
776.033,3/12/2021,51,26.3,15.6,21.2,39600,0.1
115.016,3/13/2021,51,24.1,16.6,20.1,19642.71,0.6
799.686,3/14/2021,53,22.9,14.5,19,39600,1.6
810.089,3/15/2021,1,26.3,15.6,20.6,39600,0
789.455,3/16/2021,0,27.1,15.4,21.1,39600,0
636.39,3/17/2021,51,27.3,15.7,21.4,39600,0.1
654.762,3/18/2021,0,27.9,15.8,21.9,39600,0
654.159,3/19/2021,1,28,16.8,22.1,38303.52,0
17.068,3/20/2021,51,28,17.4,22.3,39600,0.4
0,3/21/2021,1,29,17.2,22.8,39600,0
476.342,3/22/2021,0,28.9,16.9,22.8,39635.93,0
531.677,3/23/2021,1,29.7,18.1,23.9,39600,0
713.567,3/24/2021,1,29.1,18.8,24.1,39614.16,0
787.452,3/25/2021,0,28.9,16.4,22.9,39796.56,0
549.431,3/26/2021,0,27.7,15.2,21.7,39889.81,0
484.543,3/27/2021,0,28.5,16,22,39884.91,0
414.392,3/28/2021,0,29.2,16,22.7,39984.7,0
278.954,3/29/2021,1,28.8,17.9,23.5,39980.7,0
426.054,3/30/2021,53,28.3,19.1,23.6,39865.26,1.2
439.219,3/31/2021,51,26.8,17.6,21.8,39970.14,0.7
420.742,4/1/2021,51,27.6,17.6,22,39963.63,0.5
543.816,4/2/2021,0,28.7,15.1,22.4,40426.73,0
566.883,4/3/2021,1,29.8,15.4,22.8,40547.38,0
490.973,4/4/2021,0,29.8,15.5,22.7,40793.35,0
371.569,4/5/2021,0,29.7,16.1,22.9,40798.66,0
424.006,4/6/2021,0,29.6,17.6,23.6,40802.98,0
235.107,4/7/2021,0,30.8,18.2,24.5,40806.34,0
621.085,4/8/2021,0,30.5,17.9,24.4,40938.75,0
775.033,4/9/2021,1,30.9,18.4,24.3,41205.81,0
300.575,4/10/2021,0,31.4,18,24.8,41212.08,0
783.25,4/11/2021,0,31.9,18.2,24.8,41623.32,0
609.774,4/12/2021,0,32.1,18.5,24.9,41495.94,0
641.064,4/13/2021,1,32.3,18.6,25.4,41780.18,0
603.151,4/14/2021,1,32,19.2,25.6,41454.52,0
483.128,4/15/2021,53,31,18.6,25.4,39814.4,0.7
680.877,4/16/2021,51,29.5,19.2,24.7,39801.66,0.2
715.448,4/17/2021,1,29.9,19.9,24.7,41672.13,0
999.561,4/18/2021,1,29.3,18.7,24.2,41964.92,0
995.479,4/19/2021,0,30,17.6,24.1,42413.7,0
905.77,4/20/2021,1,31.2,18.2,25.1,42567.45,0
339.583,4/21/2021,51,29.8,18.9,25.1,33477.78,0.3
862.275,4/22/2021,61,30,18.8,23.5,31838.92,2.8
960.418,4/23/2021,0,30.6,16.7,24,42728.05,0
786.645,4/24/2021,0,32,18.8,25.5,42780.48,0
798.573,4/25/2021,1,33.4,18.2,26.3,42832.3,0
841.323,4/26/2021,0,32.4,20.1,26.3,42883.4,0
718.871,4/27/2021,1,32.6,20.9,27,42933.74,0
681.045,4/28/2021,51,31.8,21.2,26.8,42983.29,0.1
263.053,4/29/2021,61,31.1,21.2,25.8,43031.95,1.4
643.635,4/30/2021,51,31.3,21,25.8,41170.9,0.4
753.573,5/1/2021,53,29.4,20.9,24.6,42183.48,1
319.935,5/2/2021,55,29.6,20.2,24.3,41700.82,1.9
712.332,5/3/2021,61,28.5,20.5,23.5,31675.47,2.5
419.262,5/4/2021,63,23.7,19.5,21.1,20738.33,10.5
271.825,5/5/2021,61,24.6,18.9,21.7,14284.78,7.7
804.709,5/6/2021,61,26.1,18.6,22.5,41532.64,5
548.976,5/7/2021,53,26.4,19.4,22.4,34648.99,1.4
895.081,5/8/2021,51,27.4,19.5,23.4,43200,0.6
724.293,5/9/2021,51,26.8,19.5,22.9,42763.91,0.9
720.985,5/10/2021,63,28.4,19.2,23.6,41102.29,3.7
624.998,5/11/2021,63,26.7,19,22.6,42222.84,23
416.102,5/12/2021,63,25.1,19.1,20.9,15981.26,9.8
662.192,5/13/2021,61,24.8,19,21.9,30581.93,3.2
951.483,5/14/2021,51,26.6,18.4,22.5,43238.95,0.8
970.122,5/15/2021,0,30.2,19.4,24.8,43569.26,0
992.313,5/16/2021,0,31.2,20.2,25.8,43565.97,0
703.021,5/17/2021,51,31.6,20.3,26.7,42189.55,0.3
493.892,5/18/2021,63,26.9,21.9,24.2,14400,6.4
348.898,5/19/2021,53,29.6,20.5,24.4,34111.39,0.8
227.263,5/20/2021,63,24.9,21.4,22.3,3001.03,42.3
907.924,5/21/2021,53,29.1,21,24.4,34650.46,3.9
941.858,5/22/2021,51,29.1,20.8,25.1,43676.52,0.3
977.308,5/23/2021,51,30,22.2,26.2,43406.07,0.3
985.852,5/24/2021,1,31.3,23.3,27.2,43401.01,0
555.911,5/25/2021,51,27.4,23.3,25.1,17488.49,1
233.427,5/26/2021,61,26.5,22.6,24.4,1044.34,5.1
219.057,5/27/2021,65,25.8,22.5,23.8,2186.03,46.6
91.373,5/28/2021,65,24.4,21.8,22.9,0,117
404.196,5/29/2021,63,27.9,21,24.7,41983.37,6.2
781.51,5/30/2021,55,27.8,21.6,24.7,43650.67,4.5
753.437,5/31/2021,55,28.7,22,24.9,36358.58,4.8
596.066,6/1/2021,53,28,22.6,24.8,40043.32,3.5
882.853,6/2/2021,53,28.7,22.7,25.5,41940.93,2.4
931.233,6/3/2021,51,29,22.2,25.9,44066.14,1.2
819.182,6/4/2021,53,29.7,22.6,26.4,44353.15,1.9
853.146,6/5/2021,53,30.5,23.6,27.1,44207.99,1.7
921.08,6/6/2021,61,29.7,23.4,26.9,44358.5,4.1
921.639,6/7/2021,55,30.6,23.3,27.2,44498.92,3.7
771.892,6/8/2021,63,29.3,22.3,25.9,42964.02,13.2
603.082,6/9/2021,63,27.7,22,24.3,20155.2,12.2
647.321,6/10/2021,63,29,22.3,25.6,41890.09,9.9
799.873,6/11/2021,63,28.9,23.2,25.5,33049.68,14.5
574.791,6/12/2021,55,26.6,22.8,24.4,13188.54,7
512.634,6/13/2021,53,28,22.9,25.1,18950.01,3.6
433.599,6/14/2021,65,28.3,23.3,25.2,29001.11,16.7
31.047,6/15/2021,61,27.2,23,24.9,20311.41,6.1
195.441,6/16/2021,63,27.8,23,24.6,31340.84,13.2
464.358,6/17/2021,53,27.8,23.2,24.9,38503.51,4.3
577.421,6/18/2021,63,28.4,22.1,24.6,44356.84,8.4
531.189,6/19/2021,63,25.8,22.1,23.3,17460.95,12.6
585.101,6/20/2021,63,24.6,21.5,22.7,2654,14.2
911.081,6/21/2021,63,27.1,22.1,24.2,23767.74,19.9
755.82,6/22/2021,53,28.9,22.5,25.7,43877.31,2.7
485.444,6/23/2021,63,28.3,22.2,24.9,26606.89,7.8
763.573,6/24/2021,61,27.9,23.1,25.5,45260.41,4.7
111.392,6/25/2021,63,28.6,22.5,25.3,38150.88,5.2
331.177,6/26/2021,61,27.7,23.1,24.8,27943.38,9.3
795.184,6/27/2021,53,28.1,22.8,25.6,43916.49,2.5
422.31,6/28/2021,61,28.9,23.3,25.9,42268.64,5.4
472.809,6/29/2021,63,27.8,23.2,25.2,21264.88,15.4
87.708,6/30/2021,65,24.5,22.9,23.8,0,77.6
36.785,7/1/2021,65,26.5,22.6,24.1,0,74.6
78.558,7/2/2021,65,24.6,21.8,23,0,121.5
584.268,7/3/2021,65,26.1,21.8,23.6,9555.16,67.6
488.059,7/4/2021,63,27.4,22.5,24.6,16074.03,21
777.022,7/5/2021,63,28.2,23,25.2,36618.83,7
782.322,7/6/2021,63,28.3,22.9,25.3,32626.88,8.7
485.849,7/7/2021,63,27.1,23.4,25.2,27386.64,9.5
102.838,7/8/2021,63,27.9,23.5,25.1,27277.7,19.9
784.46,7/9/2021,51,29.4,23.3,26.3,42579.04,1.4
635.878,7/10/2021,63,28.3,23.8,26.1,33230.61,6.7
494.534,7/11/2021,63,27.2,23.6,25.3,22476.35,21.8
474.301,7/12/2021,61,29.8,23.2,26.8,43587.1,3.1
884.08,7/13/2021,63,29.5,23.6,26.2,42003.73,9
502.755,7/14/2021,51,27.5,23,25.3,43864.25,2
578.395,7/15/2021,55,27.9,23.3,25.2,22268.95,3.8
526.689,7/16/2021,61,28.6,23.5,25.9,34388.34,4.4
360.844,7/17/2021,61,26.5,23.3,24.7,10824.49,10.7
335.329,7/18/2021,63,27.1,23.2,24.5,13891.13,25.6
624.929,7/19/2021,63,26.8,23.2,24.9,26388.62,13.5
456.255,7/20/2021,65,25.6,23.1,24.2,5508.27,36.2
681.118,7/21/2021,63,27.9,23.3,25.4,40495.14,6.5
752.793,7/22/2021,53,29.9,23.8,26.5,38882.57,1.9
795.117,7/23/2021,53,29.8,24.3,27,42845.16,2.6
662.101,7/24/2021,53,30,23.5,26.3,44444.6,2.1
624.37,7/25/2021,61,28.7,23.5,25.9,34464.5,6.3
283.111,7/26/2021,61,28.4,24,25.9,22844.37,14.9
483.406,7/27/2021,63,27.9,23.6,25.4,20081.99,11.9
737.832,7/28/2021,51,29.4,23.9,26.6,39492.56,2.3
377.615,7/29/2021,61,29.5,24.3,26.1,35823.46,14.3
638.038,7/30/2021,63,28.1,23.7,25.5,17469.81,9.4
447.163,7/31/2021,63,28,23.4,25,29763.21,9.4
611.391,8/1/2021,61,28.1,22.8,25.2,37691.05,3.7
567.037,8/2/2021,63,26.5,23,24.8,22410.35,7
578.784,8/3/2021,61,28.3,22.4,25.5,42544.89,7.5
524.185,8/4/2021,63,27.6,23,25.2,35279.18,9.2
764.815,8/5/2021,51,29.6,23.6,26.2,24085.54,0.7
731.465,8/6/2021,53,30.5,24.2,27,43426.94,2.2
638.271,8/7/2021,51,28.6,23.8,26,39320.41,2.1
520.236,8/8/2021,61,26.9,23.4,24.7,22773.63,12.6
528.806,8/9/2021,53,27.2,23.2,24.8,28419.18,4.6
602.321,8/10/2021,63,27.6,23.3,24.7,20845.29,27.5
451.858,8/11/2021,61,27.5,23.4,25.2,28752.44,10.8
429.514,8/12/2021,63,27.1,23.6,24.9,18677.42,6.6
445.969,8/13/2021,63,26.7,23.1,24.5,5871.51,16.2
353.709,8/14/2021,63,26.6,23.1,24.4,4720.58,14.1
418.835,8/15/2021,61,26.7,23,24.8,18320.11,8.6
580.09,8/16/2021,61,27.7,23.1,25,31741.54,6.7
541.113,8/17/2021,61,27,22.9,24.8,24086.81,11.1
516.113,8/18/2021,63,27.2,23.1,25.1,33575.88,12.2
500.894,8/19/2021,51,28.1,23.1,25.3,37317.66,2.2
614.527,8/20/2021,53,27.2,23,24.9,35482.11,3.2
250.135,8/21/2021,53,27.5,22.9,24.8,34876.13,4.9
674.675,8/22/2021,53,27.2,23.2,25.1,13986.91,4.3
228.819,8/23/2021,61,26.2,22.9,24.4,4932.64,8.9
200.765,8/24/2021,53,27.4,22.9,24.8,21193.39,2.3
593.827,8/25/2021,65,25.7,23.5,24.2,410.81,37.3
146.213,8/26/2021,65,25.1,23.1,23.7,1535.67,134.6
213.05,8/27/2021,65,27.4,22.6,24.4,13766.85,17.6
417.61,8/28/2021,65,25.8,22.4,23.6,10364.35,61.4
61.072,8/29/2021,53,26.1,22.4,24,8982.89,4.9
613.495,8/30/2021,61,27.9,22.2,24.3,33481.57,9
693.012,8/31/2021,51,27.2,22.1,24.7,41160.14,0.8
914.09,9/1/2021,61,28.3,22.4,25.1,39819.42,5.9
445.084,9/2/2021,61,25.8,22.5,24.1,1820.84,7.3
350.512,9/3/2021,63,27,22.5,24.4,35757.31,18.6
785.773,9/4/2021,51,28.5,23.1,25.8,41078.37,2.8
767.469,9/5/2021,61,28.6,22.8,25.5,30929.04,11.5
585.65,9/6/2021,63,30.1,23.1,26,34176.98,18.3
593.955,9/7/2021,61,27.7,23.1,24.6,29411.94,9.1
561.787,9/8/2021,61,27.8,22.8,25.1,38293.11,3.6
375.603,9/9/2021,61,27.4,22.6,24.9,37283.08,6.5
890.547,9/10/2021,2,29.4,22.8,26.2,41314.29,0
656.902,9/11/2021,51,29.5,23,26,35215.62,0.6
897.13,9/12/2021,2,30.8,23.8,27.1,40746.51,0
669.184,9/13/2021,61,29.4,23.8,26.3,35463.62,3.5
537.688,9/14/2021,61,29.2,23.1,25.5,35350.35,5.5
188.155,9/15/2021,53,26.5,23.1,24.4,0,9.4
239.068,9/16/2021,55,28.8,23.2,25.2,20934.83,4.4
234.333,9/17/2021,61,26.5,22.3,24.1,18653.69,3.9
796.729,9/18/2021,53,27.9,22.2,24.6,40627.8,2.9
678.126,9/19/2021,63,27.2,22.5,24.7,34273.57,9.2
379.971,9/20/2021,61,27.5,22.9,24.8,38399.02,5.4
775.489,9/21/2021,61,28.5,21.9,24.7,38501.53,4.3
524.724,9/22/2021,55,27.5,21.6,24.3,40026.19,2.9
626.022,9/23/2021,51,27.7,21.9,24.6,39460.86,1
511.329,9/24/2021,51,28.8,22.4,25.6,38953.42,0.8
513.746,9/25/2021,51,28.6,22.9,25.8,38345.91,0.5
764.773,9/26/2021,1,30.6,22.9,26.5,39939.02,0
718.799,9/27/2021,51,31,23.2,26.7,39910.08,0.1
529.651,9/28/2021,61,28.5,23.5,25.2,22938.52,3
467.217,9/29/2021,63,27.5,22.5,24.6,33497.75,7.3
677.586,9/30/2021,51,28.5,21.7,24.6,39495,0.5
325.093,10/1/2021,51,28,22,24.7,21128.76,0.2
183.959,10/2/2021,63,27.3,22.5,24.2,18044.95,16.3
366.917,10/3/2021,65,27.2,22.2,23.8,17791.29,67.8
803.262,10/4/2021,65,27.3,21.6,24.2,37861,12.5
199.255,10/5/2021,53,26.9,21.5,23.9,33977.41,1.5
407.995,10/6/2021,51,27,22,24.1,37587.46,1
604.569,10/7/2021,51,27.8,21.3,24.4,37495.42,1.8
652.864,10/8/2021,53,27.1,21.7,24.3,36781.39,1.7
637.062,10/9/2021,53,27.5,21.8,24.6,37370.84,1.7
661.249,10/10/2021,51,28.7,22.3,25,37469.06,0.7
768.244,10/11/2021,51,28.8,21.3,25,37448.97,0.1
791.121,10/12/2021,0,30.4,21,25.6,37764.63,0
796.854,10/13/2021,0,31.4,21,26.1,36706.84,0
796.875,10/14/2021,53,31.6,21.5,26.3,36402.44,0.8
700.215,10/15/2021,1,32.4,22,26.7,36214.38,0
742.833,10/16/2021,1,30.4,23.2,26.6,36125.51,0
519.738,10/17/2021,63,28.7,23.4,25.2,34539.2,6.8
171.281,10/18/2021,63,25.3,21.6,23.5,865.33,9.9
382.98,10/19/2021,65,22.7,21.8,22.2,0,112.3
156.96,10/20/2021,65,24,20.7,22,22877.27,124.5
760.697,10/21/2021,53,25,19.7,21.8,32008.19,2.7
374.268,10/22/2021,53,25.2,18.6,21.7,35811.86,2.3
327.441,10/23/2021,53,23.1,19.8,21.2,19065.61,2
558.494,10/24/2021,51,26.1,19.1,22.1,34721.93,0.7
652.087,10/25/2021,1,25.9,18.4,21.7,35418.38,0
672.499,10/26/2021,51,25.3,17.9,21.1,36000,0.4
656.163,10/27/2021,1,25.9,16.5,21.1,36000,0
664.245,10/28/2021,0,26,16.4,20.9,36000,0
676.98,10/29/2021,0,26.9,16.3,20.8,36000,0
688.89,10/30/2021,0,25.4,15.1,19.8,36000,0
605.894,10/31/2021,1,25.2,16,20.1,36000,0
577.017,11/1/2021,3,24.8,16.5,20.3,36000,0
447.678,11/2/2021,3,24.5,15,19.7,36000,0
181.238,11/3/2021,1,24.6,14.5,19.5,36000,0
610.133,11/4/2021,0,24.2,14.6,19,36000,0
557.988,11/5/2021,1,23.9,14,18.5,36000,0
614.946,11/6/2021,2,24.2,13.4,18.3,36000,0
535.891,11/7/2021,1,23.7,13.3,18.4,36000,0
555.136,11/8/2021,1,24.8,14,19.1,36000,0
612.744,11/9/2021,0,25.4,14.2,19.2,36000,0
499.668,11/10/2021,0,25.5,14.2,19,36000,0
597.047,11/11/2021,0,25.3,13.4,18.7,36000,0
595.641,11/12/2021,1,24.1,13.4,18.3,36000,0
662.268,11/13/2021,0,24,13.7,18,36000,0
705.892,11/14/2021,0,23.3,13.3,17.8,36000,0
648.512,11/15/2021,0,22.9,12.8,17.5,35951.62,0
682.427,11/16/2021,0,23,12.6,17.3,35903.1,0
667.92,11/17/2021,1,23.3,12.5,17.4,35854.56,0
401.732,11/18/2021,1,24.4,13.2,18.1,34688.66,0
282.231,11/19/2021,2,23,14.3,18.2,28800,0
521.01,11/20/2021,2,22.9,14,18,26022.01,0
646.589,11/21/2021,2,22.3,14.1,18,35586.85,0
540.564,11/22/2021,3,22.2,12.3,17.3,33967.72,0
448.318,11/23/2021,51,21.8,12.1,17,33307.58,0.1
385.528,11/24/2021,51,20.9,12.5,16.9,33613.07,0.2
456.443,11/25/2021,51,21.6,11.8,16.7,33940.09,0.3
405.711,11/26/2021,51,21,13.4,16.5,33671.2,1.2
465.509,11/27/2021,3,22.5,12.8,17.3,33984.48,0
527.293,11/28/2021,0,23.3,12.4,17.1,35025.62,0
545.305,11/29/2021,1,23.5,11.9,16.8,34858.52,0
499.43,11/30/2021,1,23.3,12,16.9,34799.59,0
531.968,12/1/2021,1,24.4,12.7,17.8,34687.82,0
395.203,12/2/2021,1,24.4,13.4,18.1,28961.9,0
212.163,12/3/2021,53,22.2,13.1,17.3,24681.29,0.5
666.933,12/4/2021,3,22.8,13.8,17.9,33620.15,0
583.621,12/5/2021,1,24,13.9,18.2,33923.9,0
658.915,12/6/2021,1,23.9,14,18.3,33779.9,0
699.369,12/7/2021,0,23.4,13.7,17.7,33639.33,0
692.496,12/8/2021,0,22.9,12,17.1,34083.71,0
639.557,12/9/2021,0,23,11.8,16.7,33800.89,0
606.695,12/10/2021,0,22.8,11.7,16.6,33809.74,0
645.418,12/11/2021,0,20.1,9.9,14.2,33819.52,0
498.673,12/12/2021,0,19.7,8.6,13.5,33970.58,0
617.63,12/13/2021,0,21.1,8.7,14.3,33702.76,0
617.161,12/14/2021,0,21.5,10.1,14.7,33440.82,0
563.384,12/15/2021,1,20.5,8.7,14.2,33322,0
633.171,12/16/2021,1,20.2,8.4,14.1,33342.78,0
600.687,12/17/2021,0,20.2,9.2,14.1,33491.19,0
583.392,12/18/2021,0,20.9,9.3,14.1,33355.82,0
672.022,12/19/2021,0,17.6,7.1,12,33090.59,0
682.212,12/20/2021,0,19.7,7.9,13.1,33222.13,0
685.231,12/21/2021,2,21.1,8.9,13.9,33221.43,0
703.231,12/22/2021,1,20.4,8.1,13.6,33092.05,0
666.702,12/23/2021,0,20.6,8.4,13.8,32964.72,0
649.44,12/24/2021,51,19.9,8.5,13.7,32839.37,0.2
558.193,12/25/2021,55,18.7,9.3,13.7,32041.74,1.3
327.676,12/26/2021,51,19.4,10.3,14.2,31064.34,0.1
461.427,12/27/2021,51,18.8,9.7,13.9,32474.37,0.2
290.589,12/28/2021,51,18.7,9.1,13.9,19522.76,0.1
79.037,12/29/2021,63,15,10.9,12.9,0,19.3
601.289,12/30/2021,53,17.9,10.3,13.5,32604.95,0.7
763.255,12/31/2021,1,18.5,8.6,12.7,32726.45,0
747.933,1/1/2022,3,18.7,7.8,12.3,25522.9,0
671.149,1/2/2022,1,20.3,7.9,12.9,32727.95,0
684.668,1/3/2022,0,20.1,8.1,13.2,32728.36,0
616.921,1/4/2022,0,18.8,7.5,12.8,32728.58,0
660.769,1/5/2022,1,20,9,13.6,31753.72,0
409.893,1/6/2022,53,19.6,10.3,14.6,28456.8,1.8
404.444,1/7/2022,53,18.4,12.3,15,12101.24,0.7
292.073,1/8/2022,3,20.6,11.3,15.9,28717.89,0
431.025,1/9/2022,3,20.3,11.4,15.7,24556.74,0
631.978,1/10/2022,53,20.5,12.3,15.9,32495.6,1
718.1,1/11/2022,2,21.6,10.9,15.6,25938.38,0
406.275,1/12/2022,61,19.3,10.4,13.8,23754.68,3
740.921,1/13/2022,53,18.3,9.7,13.3,32492.95,1.3
688.08,1/14/2022,3,17.6,8.1,12.5,29405.02,0
473.156,1/15/2022,3,17.6,7.3,12,32400,0
663.819,1/16/2022,0,19.3,8.3,12.5,32603.95,0
549.294,1/17/2022,1,19.2,8.3,12.9,32400,0
453.372,1/18/2022,1,19.5,8.2,13.3,32599.76,0
347.87,1/19/2022,0,20.2,7.7,12.7,32741.04,0
243.791,1/20/2022,61,17.5,9,13.2,24995.6,3.6
438.093,1/21/2022,55,17.4,9.7,12.9,29962.02,1.7
351.9,1/22/2022,51,18.2,7.9,12.8,27175.97,0.3
513.24,1/23/2022,53,16.5,9.2,12.7,15444.35,0.7
285.261,1/24/2022,3,17.6,7.2,12.6,32700.65,0
463.309,1/25/2022,51,17.6,9.1,12.5,27853.38,0.2
350.482,1/26/2022,3,16,7.8,11.5,32449.92,0
639.013,1/27/2022,51,15.4,5.8,10.6,32427.21,0.2
231.156,1/28/2022,51,15.1,5.5,10.3,31818.76,0.2
699.811,1/29/2022,1,16.2,5,10.2,33210.83,0
623.13,1/30/2022,3,14.5,5.5,10.5,25856.29,0
601.982,1/31/2022,3,17.7,5.7,11.9,33063.64,0
484.022,2/1/2022,53,16.2,6.7,11.4,33303.68,2.2
264.913,2/2/2022,51,15.9,6.2,11.6,32132.82,0.2
340.134,2/3/2022,61,18.4,7.4,13,33407.82,2.2
291.219,2/4/2022,63,15.4,10.3,12.2,18850.44,36.1
559.013,2/5/2022,61,14.4,9.3,11,25200,6.9
796.837,2/6/2022,51,16.3,6.1,11.8,33419.61,0.5
719.645,2/7/2022,51,16.6,8.7,12.6,27840.97,0.2
599.774,2/8/2022,51,15.8,10.3,12.8,23993.79,0.4
734.107,2/9/2022,1,19.3,8.1,13.6,34153.6,0
894.678,2/10/2022,51,19.3,9.1,13.8,34143.66,0.4
786.8,2/11/2022,1,17.2,7.5,12.3,34675.31,0
837.262,2/12/2022,3,18.9,7.2,13,35240.81,0
540.507,2/13/2022,3,17.8,6.9,12.9,33379.99,0
737.073,2/14/2022,2,19.5,8.6,14,35080.92,0
771.206,2/15/2022,1,20.6,8.6,14.4,35944.1,0
789.184,2/16/2022,0,20.3,9.8,14.7,36376.21,0
725.572,2/17/2022,0,20,9.2,14.4,36521.85,0
652.84,2/18/2022,0,20.2,9.7,14.5,36671.6,0
665.738,2/19/2022,0,20.4,10.7,15.3,36967.65,0
710.2,2/20/2022,1,18.2,7.6,13.4,37397.97,0
897.32,2/21/2022,51,18.8,8.5,13.5,36817.07,0.4
561.639,2/22/2022,3,19.4,7.9,13.9,35910.71,0
736.926,2/23/2022,1,21.4,9.5,15.6,37572.73,0
792.039,2/24/2022,1,22.8,10.4,16.7,37728.02,0
720.36,2/25/2022,55,21.3,12.4,16.2,21850.26,3
672.735,2/26/2022,51,21.8,11.2,16.2,38343.36,0.3
836.449,2/27/2022,2,23,11.2,17.1,37567.83,0
889.952,2/28/2022,0,23.4,11.6,17.3,38943.65,0
856.912,3/1/2022,0,23.5,11.1,17.1,39041.52,0
814.43,3/2/2022,0,23.1,11.7,17.3,38890.28,0
800.584,3/3/2022,0,24,12,18,39236.43,0
874.222,3/4/2022,0,26.1,12.3,19,39333.3,0
842.262,3/5/2022,0,24.2,12.1,18,39403.43,0
682.749,3/6/2022,0,25.4,13.3,19.2,39439.18,0
567.132,3/7/2022,1,28.3,14.6,21,38720.56,0
645.036,3/8/2022,1,28.9,14.9,21.4,39509.3,0
603.417,3/9/2022,1,27.9,15.2,21.4,39543.7,0
766.522,3/10/2022,0,27.7,15.4,21.4,39577.7,0
823.732,3/11/2022,0,28.2,15.5,21.6,39600,0
939.931,3/12/2022,1,28,15.5,21.6,39600,0
942.494,3/13/2022,53,29.1,16,22.2,39600,0.6
914.87,3/14/2022,0,29.4,16.6,22.7,39600,0
898.369,3/15/2022,0,30.2,16.5,23.2,39600,0
727.258,3/16/2022,51,28.8,18.4,23.7,39600,0.1
761.457,3/17/2022,0,31.1,18.1,24.5,39600,0
805.357,3/18/2022,1,32.7,19.1,25.7,39600,0
847.406,3/19/2022,1,31.7,20.2,25.8,39600,0
846.873,3/20/2022,0,31.7,19.7,25.6,39600,0
536.98,3/21/2022,51,30.9,19.2,25,39600,0.2
741.075,3/22/2022,51,29.8,19.3,24.2,38053.2,0.1
747.349,3/23/2022,53,30.8,18.4,24.1,39600,1
757.627,3/24/2022,1,30.3,18.3,24.3,39521.23,0
964.99,3/25/2022,0,32.2,18.4,25.2,39600,0
989.65,3/26/2022,0,29.5,17.3,23.9,39562.61,0
764.092,3/27/2022,0,30.3,18,24.3,39600,0
654.067,3/28/2022,3,30.3,18,24.5,25588.2,0
563.799,3/29/2022,53,27.1,20.6,23.2,37549.3,3.2
377.841,3/30/2022,55,26.6,20.1,22.4,15747.34,3.6
569.298,3/31/2022,53,25.5,19.4,22.2,16180.71,1.7
574.369,4/1/2022,51,27.7,18.9,23.4,23936.85,0.1
631.522,4/2/2022,61,27.2,20.7,23.4,20768.74,3.9
822.325,4/3/2022,53,27.6,19.3,23.3,37210.51,2.3
760.558,4/4/2022,51,29.8,18.2,24.5,39941.21,0.3
881.933,4/5/2022,1,31.1,19.2,25.5,39931.95,0
755.153,4/6/2022,51,31,19.7,25.3,39922.16,0.4
663.692,4/7/2022,53,27.8,20.6,23.7,33240.63,1.6
551.741,4/8/2022,55,29.2,19.1,23.7,38968.48,2.5
349.29,4/9/2022,53,28.5,19,23.6,35968.3,2
647.891,4/10/2022,63,26.6,19.2,22.5,37329.18,7
539.097,4/11/2022,61,28.1,18.6,23.6,39602.4,4.5
524.283,4/12/2022,51,28.3,20.5,24.3,29107.47,0.5
615.554,4/13/2022,51,30,20.2,24.9,36891.05,0.5
995.58,4/14/2022,0,32.7,20.7,26.2,39829.91,0
964.998,4/15/2022,51,31.9,19,25.8,41089.42,0.1
958.302,4/16/2022,1,33.3,19.6,26.5,41232.64,0
959.969,4/17/2022,0,33.2,18.1,26.2,41378.24,0
742.001,4/18/2022,1,32.2,19.3,25.8,41235.16,0
672.419,4/19/2022,61,30.8,20.3,25.3,40080.93,1.3
469.801,4/20/2022,63,27.8,20.1,23.4,36408.97,11
915.43,4/21/2022,51,29.7,19.5,24.7,40304.34,0.7
563.855,4/22/2022,51,28.7,19.8,24.4,37917.35,0.4
513.375,4/23/2022,0,31.4,19.5,25.7,41537.91,0
907.81,4/24/2022,0,32,18.2,25.7,41998.72,0
829.391,4/25/2022,0,32.2,18.5,25.9,42157.47,0
776.88,4/26/2022,1,33,19.8,26.2,38407.02,0
790.31,4/27/2022,1,32,19.7,26.1,42167.26,0
670.053,4/28/2022,51,31.7,20,26.7,39329.05,0.1
605.442,4/29/2022,51,30.2,21.2,25.7,40058.15,0.1
570.71,4/30/2022,63,27.1,19.8,23.3,29983.4,9.9
711.353,5/1/2022,61,29.8,19.5,23.9,36783.98,2.3
632.329,5/2/2022,63,28.3,19.6,23.4,39629.48,12.6
606.939,5/3/2022,53,28.4,19.1,23.8,40072.07,1
716.909,5/4/2022,61,27.3,20.1,23.1,36435,5
926.787,5/5/2022,63,26.8,20,23,40240.34,5.2
442.553,5/6/2022,53,28.6,20,23.5,40961.02,0.9
981.272,5/7/2022,65,28.5,19.5,23.8,38787.17,15.5
1045.329,5/8/2022,53,29.5,20.4,24.5,25607.81,0.8
1020.315,5/9/2022,3,29.5,20.1,25.4,15508.04,0
947.89,5/10/2022,61,29.9,21,25.6,41236.48,3.5
810.594,5/11/2022,61,30.2,20.5,25.9,42533.75,2.8
844.464,5/12/2022,63,29.9,21.3,25.7,42488.87,6.1
690.039,5/13/2022,53,29.2,21.7,25,38265.61,1.9
712.762,5/14/2022,51,28,21.1,24.5,24036.66,0.3
751.991,5/15/2022,53,32.2,21.6,26.4,41462.07,1.6
825.01,5/16/2022,65,30.5,20.9,25.6,37396.3,25
1016.994,5/17/2022,1,31.2,21.4,26.3,42861.62,0
929.879,5/18/2022,2,32.5,22.4,27.5,42686.59,0
908.04,5/19/2022,53,32.1,22.5,26.9,41784.15,1.3
935.278,5/20/2022,63,30.3,21.2,25.3,34086,12.1
0,5/21/2022,65,28.8,20.5,24.1,35623.92,16.5
468.351,5/22/2022,61,28,20.1,23.8,37749.54,2.3
708.617,5/23/2022,61,29,20.5,24.7,41850.35,1.3
857.183,5/24/2022,2,29.7,20.1,25,33709.8,0
439.674,5/25/2022,51,28.9,21.7,24.7,7560.97,0.2
892.575,5/26/2022,51,29.1,20.1,24.6,41739.25,0.2
957.939,5/27/2022,53,31.1,21.1,25.8,43387.27,1
589.74,5/28/2022,55,29.9,20.8,25.2,36043.67,1.2
554.066,5/29/2022,53,28.3,21.8,24.7,32259.06,2.9
653.879,5/30/2022,61,27.7,21.8,24.7,35438.06,3.3
741.843,5/31/2022,53,30.2,22.2,26,43123.34,1.2
547.895,6/1/2022,53,30.2,22.1,26.4,43241.13,1.6
801.973,6/2/2022,63,30.7,21.6,25.9,42425.9,9
376.404,6/3/2022,63,30.2,21.6,26,34765.28,8.2
720.852,6/4/2022,53,30.7,22.7,26.6,43200,2
613.027,6/5/2022,51,29.9,23.4,26.2,42528.9,1.5
643.785,6/6/2022,63,29.3,23.1,25.9,30566.86,6.8
761.474,6/7/2022,61,29.8,22.7,26,38646.68,4.5
611.295,6/8/2022,63,29.4,23.1,26,33669.62,15.4
485.255,6/9/2022,53,29.6,22.3,25.4,31726.93,2.1
764.88,6/10/2022,61,30.7,22.1,26.1,37987.34,5
687.828,6/11/2022,55,29.5,22,25.7,39890.23,4.5
541.562,6/12/2022,61,29.6,22.1,25,30964.82,7.3
767.676,6/13/2022,63,30.7,22.4,26,40264,8.5
712.953,6/14/2022,65,30.2,22.6,25.8,35236.3,30
351.087,6/15/2022,61,28.4,22.5,25.3,33638.8,6.3
735.067,6/16/2022,63,28.8,22,25.3,35196.34,13.2
1015.789,6/17/2022,55,29,21.9,25.1,37814.34,4.6
877.092,6/18/2022,63,28.5,21.5,25,39068.1,12.1
890.071,6/19/2022,55,29.2,21.7,25,43712.09,4.9
738.714,6/20/2022,55,27.8,22.3,24.6,37131,7.1
698.563,6/21/2022,51,27.8,21.7,24.5,31093.84,1.4
861.12,6/22/2022,53,28.8,21.4,25.4,39851.28,2
763.408,6/23/2022,61,28.8,23,25.9,42647.52,5.7
728.725,6/24/2022,63,28.5,22.8,25.7,41602.3,12.7
304.08,6/25/2022,63,29.3,22.9,25.3,25408.02,6.6
725.233,6/26/2022,51,28.3,22.7,25.6,34338.58,1.4
285.294,6/27/2022,63,28.2,23.1,25.1,21396.27,10.4
491.454,6/28/2022,65,24.6,22.4,23.4,5498.55,54.4
123.042,6/29/2022,65,24.6,22.7,23.3,0,68.9
628.419,6/30/2022,51,28.6,22.3,24.9,25159.1,1.3
837.506,7/1/2022,63,28.8,22.6,25.6,40772.22,11.5
191.15,7/2/2022,51,28.5,23,25.4,21119.31,2.1
521.98,7/3/2022,53,29.8,23.3,26.3,32415.7,2.5
702.916,7/4/2022,53,29.2,23.9,26.7,38499.3,3.3
792.764,7/5/2022,53,29.7,24.2,27.2,39822.59,2.7
729.698,7/6/2022,61,29.8,24.4,26.9,38290.3,2.5
723.744,7/7/2022,51,30.4,23.2,26.9,44477,0.9
750.974,7/8/2022,61,28.7,24.3,26.4,29988.47,5.2
620.491,7/9/2022,61,28.9,24,26.3,38515.83,3.6
834.503,7/10/2022,53,29.6,23.5,26.7,42376.84,1.9
792.626,7/11/2022,53,31.2,23.9,26.9,43707.72,1.5
896.156,7/12/2022,61,30.9,23.6,26.8,43393.9,2.9
756.111,7/13/2022,61,31,24.1,27.1,39910.07,6.1
755.549,7/14/2022,61,31.3,24.4,27.5,44928.22,2.9
913.036,7/15/2022,63,31.7,24.4,27.7,45988.05,5.3
677.619,7/16/2022,63,30.5,24.1,27.5,45680.36,10
742,7/17/2022,53,31.1,24.3,27.6,45525.09,2.8
734,7/18/2022,51,30,23.8,26.9,44239.48,1.3
402,7/19/2022,55,29,24.8,26.6,23598.72,2.9
370,7/20/2022,63,29.1,23.8,25.8,22817.88,12.6
449,7/21/2022,63,27.6,23.6,25,0,20.3
465,7/22/2022,61,29.6,23,25.7,25855.87,8.3
775,7/23/2022,61,29.8,23.3,26.4,18140.42,2.9
463,7/24/2022,53,27.3,22.8,25,25435.04,3.5
897,7/25/2022,53,27.6,22,25,39457,2.5
546,7/26/2022,61,27.2,22.3,24.3,24665.84,9.1
586,7/27/2022,63,28.4,22.1,25.1,34652.19,9.3
749,7/28/2022,63,28.9,22.5,24.9,38175.83,4.9
663,7/29/2022,65,27.4,22.9,24.5,26032.85,20.1
803,7/30/2022,63,27.4,22.5,24.6,30059.82,10.4
326,7/31/2022,61,26,22.1,23.6,5960.32,9
271,8/1/2022,61,25.1,22.6,23.5,0,13.3
192,8/2/2022,61,26.1,22.5,23.8,11300.97,12.3
623,8/3/2022,55,27.8,23.2,25.4,33172.73,3.1
528,8/4/2022,63,28.7,22.9,25.5,28607.16,6.1
886,8/5/2022,61,29.5,23.1,26.4,37052.36,5.5
657,8/6/2022,65,28.3,23.3,25.6,14913.68,30.2
767,8/7/2022,51,30.6,22.9,26.7,40554.09,0.4
779,8/8/2022,53,29.6,24.1,26.7,35915.76,1.9
880,8/9/2022,55,29.9,23.7,26.6,42179.77,2.3
635,8/10/2022,51,29,22.9,25.9,42692.91,0.8
836,8/11/2022,51,29.4,23,25.9,43140.3,1
640,8/12/2022,51,30.2,23.1,26.3,43240,0.8
632,8/13/2022,61,30.8,24,27.1,39348.62,2.7
632,8/14/2022,63,29.5,23.5,25.6,21607.02,17.4
870,8/15/2022,2,29.8,22.6,26,42935.02,0
757,8/16/2022,51,30,23.1,26.2,40770.16,1.3
863,8/17/2022,63,29.8,23.2,25.8,39858.69,11.8
727,8/18/2022,63,30.7,23.7,26.6,37253.17,5.6
518,8/19/2022,65,29,24.2,25.8,19850.99,11.8
479,8/20/2022,63,30.2,23.7,26.1,38817.41,10.2
843,8/21/2022,51,29.4,22.7,25.6,41610.78,1.7
837,8/22/2022,55,29.7,22.6,25.9,41910.61,1.9
605,8/23/2022,61,30.4,23.6,26,27699.17,6.1
861,8/24/2022,53,30,23.1,26.3,38089.2,1.3
777,8/25/2022,51,28.8,23.9,25.9,35982.27,2
856,8/26/2022,61,30.7,23.2,26.5,39600,3.8
581,8/27/2022,63,29.6,23.5,25.7,21942.78,15.8
438,8/28/2022,55,26.6,22.7,24,11665.97,8.4
1038,8/29/2022,63,28.6,22.5,24.8,32835.96,10.6
605,8/30/2022,63,28.7,22.8,24.9,21848.24,7
402,8/31/2022,63,27.6,22.3,24.4,20320.78,9.6
339,9/1/2022,63,27.3,22.3,23.7,14400,34.7
567,9/2/2022,51,27.6,21.9,24.4,30303.18,1.1
573,9/3/2022,61,26.8,22.5,24.1,24422.27,7.8
409,9/4/2022,61,27.2,22,24.2,26831.46,6.2
650,9/5/2022,61,28.2,21.6,24.7,28724.79,6.8
737,9/6/2022,53,27.4,22,24.2,22392.7,5.4
406,9/7/2022,53,28,22.6,25.2,23561.79,2
824,9/8/2022,61,29.3,22.7,25.9,40939.28,2.3
512,9/9/2022,53,28.9,23.1,25.8,35513.26,1.2
784,9/10/2022,63,30,23.4,26.2,33122.16,3.8
842,9/11/2022,53,29.4,22.6,25.3,41193.93,1.8
647,9/12/2022,61,27.6,21.8,24.2,38381.67,7.2
513,9/13/2022,61,27.4,21.5,23.7,32670.24,4.2
599,9/14/2022,61,26.4,21,23.4,36244.86,3.4
135,9/15/2022,63,26.6,21.6,23.8,31317.31,9.1
369,9/16/2022,63,27.2,21.8,23.6,18473.74,37.7
88.453,9/17/2022,63,25.9,21.9,23.6,11293.79,15.2
529.439,9/18/2022,51,29,22.1,25.1,34079.34,0.8
687.493,9/19/2022,63,29.4,22.6,25.4,23727.76,6.3
585.124,9/20/2022,63,28.5,23.1,25.2,37913.5,7.9
528.209,9/21/2022,53,28.6,22.3,25.1,39161.91,1.6
725.821,9/22/2022,61,28.3,23.2,25,36624.96,2.5
148.011,9/23/2022,53,27.3,22,24.7,33514.55,2.2
578.052,9/24/2022,63,27.8,21.9,24.3,25962.61,4
549.615,9/25/2022,55,27,21.8,24,37129.33,2.7
575.684,9/26/2022,51,26.1,21.6,23.5,30751.72,1.3
705.119,9/27/2022,51,26.9,21.1,23.6,29764.13,0.9
765.175,9/28/2022,53,27.8,21.1,24.3,37853.96,1.6
838.691,9/29/2022,61,28,21.1,24.5,38388.05,4.4
745.868,9/30/2022,61,29.3,21.7,24.6,36477.91,3.1
726.158,10/1/2022,1,28.6,21.6,25.3,36582.75,0
733.127,10/2/2022,1,31.2,22,26.3,38485.48,0
858.882,10/3/2022,51,30.2,22.7,25.8,37316.19,0.3
437.301,10/4/2022,63,25,22.4,23.3,3275.21,25.9
234.38,10/5/2022,63,27.8,22,24.1,28800,22
32.951,10/6/2022,63,26.4,21.6,23.6,23795.8,5.7
603.52,10/7/2022,51,28.1,20.6,23.9,35747.06,0.1
537.151,10/8/2022,51,28.3,21.7,24.5,30937.15,0.3
667.973,10/9/2022,53,28.1,20.9,24.3,36000,1
96.263,10/10/2022,51,26.7,21.6,23.6,26999.59,1.1
262.868,10/11/2022,3,27.1,21,23.9,35823.44,0
738.193,10/12/2022,63,25.4,20.8,22.8,36271.73,6.5
617.229,10/13/2022,51,26.1,20.2,22.9,36180.28,0.2
832.818,10/14/2022,51,26.1,18.8,22.3,36507.3,0.4
403.799,10/15/2022,51,27.2,18.4,22.3,36410.11,0.1
385.481,10/16/2022,0,27.3,17.2,22.1,36430.27,0
850.231,10/17/2022,0,28,17.1,21.7,36428.06,0
832,10/18/2022,0,25.7,15.9,20.7,36151.4,0
778,10/19/2022,1,25.6,16.9,20.9,36023.44,0
792,10/20/2022,1,26.5,16.8,21.2,36033.26,0
742,10/21/2022,0,27.1,17.1,21.7,36000,0
864,10/22/2022,0,28.3,16.9,21.8,36000,0
891,10/23/2022,1,31.2,17.1,23.3,36000,0
900,10/24/2022,2,27.7,16.6,21.9,36000,0
833,10/25/2022,51,25.2,17.2,21.3,36000,0.2
723,10/26/2022,3,25.4,15.5,20.6,36000,0
590,10/27/2022,3,25,16.5,20.4,36000,0
692,10/28/2022,51,24.7,17.1,20.5,33248.54,0.7
689,10/29/2022,0,26.4,16.3,21,36000,0
793,10/30/2022,0,26.8,16.1,20.8,36000,0
789,10/31/2022,0,27.5,16.1,21.2,36000,0
794,11/1/2022,1,26.5,16.9,21.1,36000,0
796,11/2/2022,0,26.7,15.4,20.3,36000,0
732,11/3/2022,0,25.6,14.8,20,36000,0
634,11/4/2022,0,26.1,16.5,20.7,36000,0
727,11/5/2022,0,26.1,16.4,20.9,36000,0
695,11/6/2022,51,25.3,16,20.5,36000,0.4
643,11/7/2022,1,24.9,16.1,20.2,36000,0
541,11/8/2022,2,24.9,15.9,20.1,33363.79,0
587,11/9/2022,1,24.3,16.5,20,36000,0
581,11/10/2022,51,23.7,15.7,19.6,36000,0.4
571,11/11/2022,51,23.4,15.5,19.1,36000,0.6
718,11/12/2022,51,23,14.9,18.8,36000,0.1
670,11/13/2022,2,22.5,13.4,17.6,36000,0
658,11/14/2022,1,22.6,12.4,17.6,36000,0
649,11/15/2022,0,23.6,13.4,18,35963.06,0
538,11/16/2022,0,23.3,13.2,18,35915.65,0
552,11/17/2022,1,22.6,13.7,17.9,35868.3,0
572,11/18/2022,0,22.6,13.5,17.8,35812.64,0
711,11/19/2022,0,24.6,13.3,18.2,35743.68,0
740,11/20/2022,0,23.8,13.7,18.1,35676.13,0
534,11/21/2022,0,23.5,12.4,17.5,35609.65,0
1005,11/22/2022,0,22.7,10.9,16.8,35544.33,0
721,11/23/2022,0,21.9,12,16.7,35480.26,0
733,11/24/2022,0,23.2,12.3,17.3,35417.52,0
771,11/25/2022,0,25.6,13.2,18.4,35356.2,0
759,11/26/2022,0,23.8,13.2,18,35296.41,0
695,11/27/2022,0,23.9,13.4,17.8,35201.85,0
683,11/28/2022,0,23.3,13.7,17.9,34873.27,0
709,11/29/2022,1,23.8,13.4,17.9,34706.32,0
666,11/30/2022,1,24,13.5,17.8,34697.75,0
569,12/1/2022,0,22.4,12.2,16.8,34844.19,0
676,12/2/2022,0,22.4,11.9,16.4,34530.18,0
772,12/3/2022,0,22.6,12.4,16.7,34525.33,0
755,12/4/2022,0,22.7,11.8,16.7,34370.79,0
754,12/5/2022,1,23,12.3,16.7,34070.2,0
751,12/6/2022,0,22.1,10.8,15.9,34219.91,0
728,12/7/2022,0,21.3,11,15.5,34074.25,0
705,12/8/2022,0,22.6,11.1,16.3,33932.01,0
708,12/9/2022,0,21.9,11.7,16.2,33937.88,0
699,12/10/2022,0,22.6,11.4,16.3,33801.88,0
643,12/11/2022,0,20.8,10.6,15.4,33954.2,0
662,12/12/2022,1,20.6,10,15.2,33682.72,0
599,12/13/2022,3,21.1,10.7,15.3,33138.27,0
523,12/14/2022,3,20.4,11.7,15.5,33158.97,0
429,12/15/2022,3,20.4,11.9,15.8,33043.87,0
489,12/16/2022,1,20.8,10.6,15.3,31373.38,0
463,12/17/2022,0,21.2,11.2,16.1,32635.61,0
560,12/18/2022,0,22.5,11.6,16.7,33222.57,0
638,12/19/2022,1,22.2,11.9,16.4,33090.41,0
685,12/20/2022,1,21.5,11.7,15.7,32960.39,0
648,12/21/2022,0,21.2,11.3,15.6,32962.16,0
622,12/22/2022,0,19.8,10.6,14.6,33092.07,0
630,12/23/2022,0,19.6,9.7,14.1,32964.73,0
623,12/24/2022,2,19.7,9.9,14,17756.67,0
297,12/25/2022,0,20.9,8.3,14.2,33091.39,0
665,12/26/2022,2,20.6,9.8,14.2,32191.88,0
639,12/27/2022,0,18.5,7.5,12.8,32966.79,0
122,12/28/2022,1,16.2,7.7,11.8,32844.44,0
365,12/29/2022,51,15.7,7.8,12.4,24649.29,0.3
475,12/30/2022,1,18.9,8.4,13.3,32604.03,0
424,12/31/2022,1,18.3,8.2,13.1,32605.78,0
478,1/1/2023,51,17.6,8.6,13,32607.3,0.9
449,1/2/2023,1,18,8.3,12.9,32608.6,0
462,1/3/2023,0,19,8.1,12.5,32609.68,0
262,1/4/2023,0,17.9,7.3,11.9,32728.17,0
518,1/5/2023,0,18.8,6.3,11.9,32845.46,0
565,1/6/2023,0,21.8,8.5,13.6,32728.37,0
495,1/7/2023,0,22.6,7.7,13.6,32844.58,0
384,1/8/2023,0,21,8.5,13.7,32844.02,0
521,1/9/2023,0,20.7,7.9,13.5,32843.37,0
568,1/10/2023,1,20.1,7.5,12.8,32495.88,0
393,1/11/2023,1,19.6,5.7,12.2,32726.37,0
543,1/12/2023,0,19.9,7.3,12.8,32725.54,0
530,1/13/2023,0,18.7,7.7,12.7,32724.58,0
519,1/14/2023,0,19.4,8.1,13.5,32723.45,0
56,1/15/2023,51,16.6,8,12.2,26772.33,0.1
306,1/16/2023,3,16.7,8.5,12.2,27489.27,0
400,1/17/2023,3,15.8,8.3,11.9,30181.95,0
450,1/18/2023,3,16.7,8.7,12.1,32400,0
410,1/19/2023,3,16.9,6.4,11.4,32400,0
384,1/20/2023,2,18.3,6.7,12.6,32595.44,0
485,1/21/2023,0,20,8.8,13.9,32827.91,0
538,1/22/2023,0,19.1,8,13.3,32936.21,0
627,1/23/2023,0,20.3,9.8,14.6,32925.74,0
480,1/24/2023,0,20.4,8.8,14.6,32914.5,0
440,1/25/2023,1,21.5,9.8,15.4,32902.47,0
513,1/26/2023,2,21.8,11.2,16.1,22451.84,0
642,1/27/2023,2,21.1,9.3,15,33234.9,0
466,1/28/2023,2,18.8,10.2,13.9,32852.32,0
611,1/29/2023,0,22.5,9.4,15.5,33336.75,0
379,1/30/2023,3,24.2,12.9,17.8,32431.72,0
637,1/31/2023,1,23.7,12.6,17.4,33568.41,0
250,2/1/2023,1,20.7,10.6,15.2,33813.98,0
592,2/2/2023,3,19.6,9.8,14.1,33167.48,0
658,2/3/2023,1,22.2,9.8,15.5,34059.95,0
666,2/4/2023,1,21.4,9.9,15.1,34184.63,0
581,2/5/2023,2,21.3,9.8,15.5,34048.12,0
163,2/6/2023,1,20.6,10.9,15.6,34173.11,0
569,2/7/2023,2,21.3,8.4,15.6,33903.98,0
478,2/8/2023,1,21.5,10.1,16,34292.52,0
502,2/9/2023,3,19.9,9.6,15.5,32271.01,0
733,2/10/2023,2,21,9.4,15.6,34286.42,0
741,2/11/2023,0,22.2,11.1,16.6,35382.27,0
715,2/12/2023,3,22.7,11.4,17.2,34690.54,0
754,2/13/2023,0,18.9,8,13.7,36226.68,0
726,2/14/2023,0,20.7,8.5,14.5,36086.03,0
719,2/15/2023,0,22.6,10.8,16.2,35942.23,0
623,2/16/2023,0,24.9,11.8,18.1,35941.04,0
695,2/17/2023,2,26.7,13.8,19.8,36231.84,0
716,2/18/2023,0,26.9,14.5,20.2,36523.9,0
765,2/19/2023,1,26.1,14.7,19.9,36670.64,0
750,2/20/2023,3,24.8,14.2,19.5,36222.02,0
690,2/21/2023,3,25.7,14.8,20,35771.76,0
610,2/22/2023,51,24.8,14.4,19.9,37118.06,0.4
748,2/23/2023,0,25.4,13.1,19.4,38432.7,0
735,2/24/2023,3,24.9,13.4,18.9,36995.74,0
689,2/25/2023,51,23.7,12.8,18.7,35892.75,0.5
640,2/26/2023,3,23.6,14.4,18.8,33117.05,0
721,2/27/2023,51,24.6,13.3,18.8,37885.91,0.8
705,2/28/2023,53,24.3,13.4,19,38285.58,1.1
621,3/1/2023,0,26.3,14.1,20,38342.77,0
587,3/2/2023,1,26.4,14.4,20.1,38869.47,0
611,3/3/2023,51,25.2,14.7,20.3,37832.26,1.2
627,3/4/2023,3,27.2,16.5,21.6,38825.04,0
702,3/5/2023,51,27.4,16.8,21.8,39358.03,0.1
843,3/6/2023,1,26.2,15.6,21,39429.11,0
801,3/7/2023,0,27.1,14.1,20.6,39464.26,0
245,3/8/2023,61,24.3,15,18.4,18291.57,2.7
868,3/9/2023,0,26.8,12.9,19.6,39533.44,0
821,3/10/2023,1,27.8,13.8,20.5,39567.5,0
823.25,3/11/2023,1,27.5,14.3,20.4,39600,0
104,3/12/2023,0,28.3,15.2,21.4,39600,0
692.25,3/13/2023,51,28.5,16.6,22,37502.21,0.3
719,3/14/2023,51,27.1,16.4,21.5,37607.03,0.2
844,3/15/2023,51,26.6,15.6,21,39600,0.3
595,3/16/2023,55,26.5,15.3,20.9,37554.1,1.1
578,3/17/2023,55,24.4,16.4,19.4,34405.39,1.1
742.5,3/18/2023,55,25.2,14.7,19.9,34121.65,1.7
647,3/19/2023,61,21.8,15.7,18.3,30374.22,3.3
467,3/20/2023,61,23.1,14.8,17.3,18071.65,8.1
884,3/21/2023,61,21.9,14.8,17.6,31417.99,8.2
982,3/22/2023,51,23.4,13.8,18.7,39600,0.6
722,3/23/2023,51,23.9,12.9,18.7,39600,0.3
895,3/24/2023,51,25.3,14,19.8,39600,0.2
546,3/25/2023,51,26.1,14.5,20.6,39600,0.1
863,3/26/2023,1,28.6,15.8,22.2,39600,0
921,3/27/2023,0,26.6,14.7,21,39600,0
929,3/28/2023,0,27.9,14.6,21.4,39600,0
849,3/29/2023,1,27.7,15.3,21.6,39662.11,0
786,3/30/2023,1,27.9,15.7,21.7,39600,0
374,3/31/2023,65,26.1,16,19.4,19274.27,11.8
116,4/1/2023,55,24.6,14.9,18.6,22707.02,3.6
876,4/2/2023,53,23.3,13.7,18.4,39265.8,1.8
996,4/3/2023,51,25.4,13.4,20,39832.16,1
229,4/4/2023,53,27,15.4,21.3,39942.75,0.5
966,4/5/2023,0,27.4,14.5,21.7,40057.05,0
944,4/6/2023,0,28.3,15,21.9,40174.91,0
889.75,4/7/2023,1,28.6,14.8,22,40168.88,0
778.25,4/8/2023,1,29.2,16.6,23.2,39600,0
896,4/9/2023,1,31.4,17.7,24.8,40155.35,0
896.75,4/10/2023,0,30.7,16.5,24.4,40545.73,0
843.5,4/11/2023,0,30.5,16.8,23.9,40542.84,0
723,4/12/2023,0,31.3,17.8,24.5,40675.41,0
680,4/13/2023,0,31.1,18.2,25.1,40673.05,0
552,4/14/2023,2,32.1,18.2,25.6,40809.41,0
529,4/15/2023,1,32.8,20.1,26.7,40103.53,0
726,4/16/2023,3,34.4,21.7,27.4,37979.1,0
782.5,4/17/2023,0,33.7,20.1,27.1,41090.06,0
426.25,4/18/2023,1,35,21.3,28,41089.73,0
701,4/19/2023,0,34,20.6,27.3,41235.56,0
581,4/20/2023,53,32,19.4,25.9,41383.71,1.1
534,4/21/2023,53,32.2,19.1,25.3,40056.5,0.5
581,4/22/2023,1,30.8,18.3,24.7,41536.04,0
890,4/23/2023,51,28.5,18.5,23.3,41385.77,0.2
231,4/24/2023,51,28.2,18.2,21.8,22962.27,0.9
992,4/25/2023,2,28.8,17.9,23.3,38997.38,0
907,4/26/2023,1,30,17.7,24.1,41540.19,0
805,4/27/2023,2,29.5,18.4,24.4,35982.4,0
779,4/28/2023,51,29.8,19.6,24.4,42012.98,0.3
804,4/29/2023,53,29.2,18.7,24.4,33454.91,0.5
241,4/30/2023,65,27.7,19.2,22.4,21058.25,11.8
127,5/1/2023,51,24.9,18.6,21.7,6122.16,0.5
596,5/2/2023,53,26.3,19,22.1,27649.66,0.7
837,5/3/2023,53,28.1,18.3,23.5,30898.87,0.5
448,5/4/2023,63,27.1,19,22.8,33244.06,4.8
1009.25,5/5/2023,0,28.6,18.2,23.8,42402.07,0
483,5/6/2023,0,31.1,18.6,25.3,42657.54,0
952,5/7/2023,0,31.8,19.3,25.8,42753.63,0
950.75,5/8/2023,0,32.4,19.7,26.5,43002.2,0
929.75,5/9/2023,0,33.6,19.4,26.9,43200,0
929.5,5/10/2023,0,33.1,18.2,26.4,43228.34,0
352.25,5/11/2023,0,33.2,19.1,26.2,43222.24,0
871,5/12/2023,1,32.9,20.5,26.8,43082.64,0
851,5/13/2023,1,32,20.5,27.1,41935.95,0
772,5/14/2023,61,34.6,21.8,27.5,42411.63,2.3
334,5/15/2023,61,30.1,20.1,24.8,42087.52,6.9
846,5/16/2023,53,28.6,20.4,24.5,40431.95,0.6
748,5/17/2023,65,29.8,19.7,24.5,41586.62,10.8
770,5/18/2023,63,28.8,19.7,24.2,40915.44,7.1
814.75,5/19/2023,51,29.7,19.8,25,42521.42,0.3
925.75,5/20/2023,51,29.2,20.7,25.3,42516.99,0.3
504,5/21/2023,55,29.7,20,25.1,43152.07,2.3
691,5/22/2023,53,31.7,20.2,26,42987.12,1
688,5/23/2023,63,28.7,20.5,23.9,29231.13,5.1
744,5/24/2023,55,29.5,20.6,24.8,41573.23,2.3
521,5/25/2023,65,28.4,19.5,24.5,34946.6,18.4
601,5/26/2023,65,26.8,20.3,23.6,40784.01,14.6
796,5/27/2023,53,27.2,19.4,23.3,39625.45,1.3
851,5/28/2023,53,28.5,19.5,23.9,41183.51,2.1
870,5/29/2023,51,30.7,20.6,26,43288.62,0.4
999,5/30/2023,0,33.5,22.7,28.3,43011.64,0
919,5/31/2023,1,33.7,23.1,28.8,43788.54,0
874.4,6/1/2023,0,34.8,21.4,28.9,43927.34,0
969.2,6/2/2023,0,34.1,20.4,28.6,43782.76,0
985.2,6/3/2023,1,33.9,21.2,28.6,43923.11,0
982.2,6/4/2023,1,33.9,21.1,28,44064.98,0
605,6/5/2023,1,34.1,21.5,28.5,43773.92,0
958.2,6/6/2023,1,34.4,22.8,29,43625.5,0
930.2,6/7/2023,1,35.2,24.3,29.7,43768.08,0
953.2,6/8/2023,0,36,23.2,30.2,43765.1,0
616,6/9/2023,1,35.6,24.6,30.2,43909.52,0
920.6,6/10/2023,53,33.2,24.6,28.6,42305.7,1.1
798,6/11/2023,65,33,22.8,27.4,42598.27,13.9
630,6/12/2023,63,29.9,22.7,26,41738.21,7.3
733,6/13/2023,61,29.9,22.5,26.4,40993.32,2.9
833.6,6/14/2023,63,31,22.8,26.3,41235.91,13.6
740.8,6/15/2023,53,31.9,23.3,28,44497.65,1.3
787.8,6/16/2023,51,32.6,23.6,28.2,44194.25,0.3
864.6,6/17/2023,53,32.3,24.1,28.5,43888.91,1.1
604.8,6/18/2023,63,31.3,23.8,27.3,39981.83,9
850.2,6/19/2023,63,31.3,23.8,26.9,40114.5,5.9
591,6/20/2023,53,30.7,23.1,26.9,42244.77,1.2
809.6,6/21/2023,61,30.6,23.7,26.7,34362.63,11.9
816.8,6/22/2023,65,28.9,23.1,25.9,36255.92,51.7
673.8,6/23/2023,65,29.6,23.5,26.3,35262.84,52.5
460,6/24/2023,61,29.7,24.1,26.7,26452.58,10.2
634.8,6/25/2023,55,29.7,24.2,27,35176.7,1.6
875.6,6/26/2023,61,30,24,27,42107.51,3
540,6/27/2023,63,30.4,23,25.8,42488.37,6.1
585,6/28/2023,61,28.4,22.1,25.1,41446.82,4.7
613.8,6/29/2023,61,28,22,24.7,36873.39,4.7
473,6/30/2023,63,27.8,22.3,24.4,20346.36,18.4
191,7/1/2023,63,28.6,22.8,24.7,14409.17,16.9
558.8,7/2/2023,63,29.6,23,25.6,32400,11.6
274,7/3/2023,53,28.3,22.9,25,26857.15,2.7
539,7/4/2023,63,29.5,22.9,25.4,26565.88,9.4
626.8,7/5/2023,63,28.6,23.2,25.4,8711.45,10.8
757.8,7/6/2023,55,29,22.8,26.1,42704.41,4.4
699,7/7/2023,63,28.3,22.5,25.6,19873.54,10.6
860.2,7/8/2023,51,28.9,22.8,26.2,44167.88,1.6
764.6,7/9/2023,51,29.6,23.2,26.5,43200,0.8
648.8,7/10/2023,53,29.5,23.9,26.7,39781.42,2.8
339,7/11/2023,51,29.6,23.7,26.5,38824.25,1.6
441,7/12/2023,65,29,23.2,25.9,29404.89,14.2
399,7/13/2023,63,28.7,22.7,25.3,32686.31,14.8
459,7/14/2023,63,27.6,23,25,25830.5,15.6
772.8,7/15/2023,61,28.6,23.2,25.7,40772.84,7.7
640,7/16/2023,63,28.7,23,26,36687.96,6.6
466,7/17/2023,51,28.2,23.8,25.9,32886.24,2.4
657,7/18/2023,51,29.5,23.6,26.4,31520.31,0.4
762,7/19/2023,3,31.2,24.4,27.7,41868.2,0
791,7/20/2023,61,30.7,24.3,27.2,39697.5,4.6
690.8,7/21/2023,63,29.8,24.2,26.8,35991.41,7.5
796.6,7/22/2023,63,30,23.6,26.6,40776.71,4.6
582.8,7/23/2023,63,29.9,23.7,26.7,43753.96,6.5
511,7/24/2023,53,28.7,23.1,26.1,30625.14,3.2
386,7/25/2023,61,29.1,24,26,15742.94,4.2
770.8,7/26/2023,51,29.5,24,26.7,31776.32,1.1
536,7/27/2023,51,29,23.7,26.2,42571.4,1.5
827.6,7/28/2023,63,29.8,22.9,26.3,42286.88,8.7
330,7/29/2023,63,29.7,22.9,26,36986.73,5.4
141,7/30/2023,63,29.2,23.4,25.6,24146.03,12
900.4,7/31/2023,53,30,23.9,27.1,38546.15,2.3
703.4,8/1/2023,55,32,25,28.1,32468.95,2.6
571.8,8/2/2023,63,30.7,24.1,27,41857.53,22.5
504,8/3/2023,63,30.1,23.5,26.2,42300.93,5.2
617,8/4/2023,63,29,23.2,25.9,26612.3,6.3
662.8,8/5/2023,53,28.4,22.9,25.6,28415.5,1.6
374,8/6/2023,63,29.6,23.2,25.8,37973.89,14.5
346,8/7/2023,61,26.4,23.4,24.6,7968.27,12.2
50,8/8/2023,63,26,23.1,24.1,0,23.4
500.8,8/9/2023,63,28.3,23.1,25,20842.71,11.2
722.4,8/10/2023,61,27.6,23,25.3,40524.93,3.4
715.6,8/11/2023,53,28.2,23.3,25.5,26648.43,1.4
125,8/12/2023,65,27.7,23.7,25.1,22551.05,26.3
104,8/13/2023,63,26.7,22.8,24.1,8494.13,20.3
541,8/14/2023,51,28.7,22.8,25.1,23618.58,1.1
807.6,8/15/2023,51,30.2,22.9,26.5,36416.95,0.3
810.2,8/16/2023,63,30,24.4,26.8,33224.43,6.3
757,8/17/2023,63,30.3,23,26.3,36266.01,5.3
668,8/18/2023,61,30.1,23.7,26.5,34730.49,3.5
512,8/19/2023,51,29.8,23,26.2,39468.32,1.1
487,8/20/2023,51,29.1,23.8,26.4,40808.3,0.9
253,8/21/2023,63,27.6,24.1,25.2,0,18.5
254,8/22/2023,63,28.9,23.3,25.3,18748.28,11
257,8/23/2023,61,27.1,22.9,24.4,17271.32,5.8
452,8/24/2023,63,25.9,22.5,23.9,16458.54,27.7
277,8/25/2023,61,26.9,22.7,23.8,8153.88,19.7
26,8/26/2023,65,26.1,22.7,23.8,11682.32,48.3
26,8/27/2023,53,27.7,21.7,24.4,24063.44,4.5
689,8/28/2023,55,28.4,21.5,24.7,31883.98,6.2
690.8,8/29/2023,53,28.8,21.4,25,41506.22,1.7
864.6,8/30/2023,51,29.4,22.6,25.9,41502.59,0.3
820.8,8/31/2023,55,30.3,22.9,26.2,41498.94,2.1
446,9/1/2023,63,30,23.2,26.3,32943.85,8.3
420,9/2/2023,65,28.9,23.5,25.5,23465.13,13.3
665,9/3/2023,53,31.3,23,26.9,41352.05,0.8
770,9/4/2023,63,30.5,23.6,26.4,33070.21,4.8
313,9/5/2023,3,31.8,24.5,27.4,26384.09,0
697,9/6/2023,1,32.4,23.4,27.9,39600,0
673,9/7/2023,63,30.6,24.3,26.6,41287.62,6.8
564,9/8/2023,63,28.4,23.2,25,24945.45,15.1
359,9/9/2023,63,27.1,22.5,24.3,23861.65,8.6
742,9/10/2023,51,29.8,22.2,26.1,40936.86,0.8
521,9/11/2023,53,29.7,23.6,26.3,41454.17,0.9
488,9/12/2023,63,29,23.3,26.1,24404.79,5.5
835,9/13/2023,51,30.3,23.2,26.8,40932.03,0.3
647,9/14/2023,61,30.5,23.5,26.6,37594.64,3.4
621,9/15/2023,61,30,22.9,25.8,40753.58,2.5
771,9/16/2023,53,30.6,23.2,26.3,40936.71,1.3
638,9/17/2023,51,30.5,23,26.4,40115.71,0.8
698,9/18/2023,61,31.4,22.8,26.6,40918.35,3.3
0,9/19/2023,61,29.6,22.4,25.9,40721.88,4.1
0,9/20/2023,51,28.5,22.8,25.4,39497.57,0.6
337,9/21/2023,65,27,22.1,24.3,35000.95,21
366,9/22/2023,65,27.8,21.9,23.9,21056.94,11.2
430,9/23/2023,53,27,21.6,23.4,23785.13,3.1
507,9/24/2023,61,27.3,21,23.4,33836.52,3.1
439,9/25/2023,51,27.8,20.7,24.2,39351.95,0.4
725,9/26/2023,63,28.6,21.9,25,36711.09,4.7
765,9/27/2023,53,28.7,21.9,25.2,38674.92,1.4
722,9/28/2023,61,30.5,21.7,25.7,38927.06,2.3
570,9/29/2023,51,31.9,21.8,26.6,38714.73,0.1
491,9/30/2023,53,31.6,23.2,25.9,31794.65,0.5
356,10/1/2023,51,29.7,22.3,25.6,32888.2,0.6
199,10/2/2023,51,29,23,25.3,29274.45,0.9
200,10/3/2023,63,27.9,22.5,24.7,28850.67,11.7
52,10/4/2023,63,26.4,22.4,23.7,17877.74,14.9
724,10/5/2023,53,28,21.2,24.1,36278.84,1.7
370,10/6/2023,53,27.8,22.3,24.4,36531.73,1.9
491,10/7/2023,51,26.5,20.9,23.8,36962.23,1.5
727,10/8/2023,53,27.8,21,24.2,36717.6,1.5
546,10/9/2023,51,27.8,21.2,24.1,36789.37,0.9
569,10/10/2023,53,26.3,21,23.5,36604.37,2
643,10/11/2023,51,26.8,20.2,23,36029.8,1
599,10/12/2023,51,27.7,19.7,23.1,36386.07,0.5
784,10/13/2023,1,27.8,19.1,23.4,36287.5,0
773,10/14/2023,51,26.3,18.8,22.6,36192.76,1.5
576,10/15/2023,51,25.6,18.6,21.9,36185.75,2.1
617,10/16/2023,63,25.7,18.4,22,31500.51,3.1
629,10/17/2023,61,27.4,17.7,21.8,36100.21,1.7
710,10/18/2023,1,26.5,17,21.5,36109.07,0
845,10/19/2023,51,25.6,16.1,21,36021.85,0.3
772,10/20/2023,0,25.6,16.9,21.1,36000,0
865,10/21/2023,0,26.2,15.7,21,36000,0
869,10/22/2023,0,27.3,15.5,21.3,36000,0
864,10/23/2023,1,27.2,15.8,21.3,36000,0
376,10/24/2023,0,27.9,15.7,21.5,36000,0
854,10/25/2023,0,28.2,15.8,21.6,36000,0
842,10/26/2023,1,27,15.5,21,36000,0
821,10/27/2023,1,26.1,16.1,20.8,36000,0
779,10/28/2023,53,25.3,16.1,20.5,36000,1.7
667,10/29/2023,1,26.9,15.5,20.9,36000,0
835,10/30/2023,1,26.9,15.8,21.3,36000,0
819,10/31/2023,51,28.5,16.6,22.3,36000,0.3
595,11/1/2023,1,27.4,17,21.6,32961.28,0
817,11/2/2023,0,27.4,15.4,21.1,36000,0
747,11/3/2023,51,25.5,16.1,20.7,36000,0.2
794,11/4/2023,51,25,15.4,20.1,36000,0.3
748,11/5/2023,1,25.4,14.7,19.8,36000,0
685,11/6/2023,51,25.1,14.9,19.6,36000,0.4
732,11/7/2023,51,25.7,14.8,19.9,36000,0.2
758,11/8/2023,0,25.2,14.1,19.3,36000,0
648,11/9/2023,0,24.8,13.2,18.7,36000,0
690,11/10/2023,0,25.2,13.6,19,36000,0
371,11/11/2023,2,25.7,14.2,19.4,36000,0
766,11/12/2023,0,25.1,14.3,19.2,36000,0
762,11/13/2023,1,26.3,14.2,19.5,36000,0
739,11/14/2023,1,26.3,14,19.7,36000,0
777,11/15/2023,1,26,14.5,19.8,35978.84,0
783,11/16/2023,1,26.3,14.6,20.1,35931.4,0
789,11/17/2023,0,27.4,13.5,19.9,35883.41,0
763,11/18/2023,0,24.4,15,19.5,35834.94,0
735,11/19/2023,3,25.6,14.9,19.5,35347.1,0
744,11/20/2023,0,25.4,14.1,19.1,35695.18,0
719,11/21/2023,1,24.1,13.6,18.5,35626.55,0
615,11/22/2023,51,23.3,13.9,18.6,34632.85,0.5
625,11/23/2023,2,24,13.7,18.3,35269.76,0
623,11/24/2023,51,24,13.8,18.6,35252.28,0.1
711,11/25/2023,0,24.2,13.6,18.6,34752.99,0
741,11/26/2023,1,25.3,13.4,19,35305.66,0
463,11/27/2023,1,24.6,13.7,18.7,30754.99,0
638,11/28/2023,3,23.7,15.2,19,24173.52,0
683,11/29/2023,0,25.1,13.4,19,34863.19,0
331,11/30/2023,3,23.3,13.2,18,8284.59,0
685,12/1/2023,2,24.4,13,18.5,28629.43,0
732,12/2/2023,1,25.8,12.8,18.2,34834.63,0
743,12/3/2023,1,25,11.1,17.6,34674.96,0
171,12/4/2023,2,24.8,10.5,17.1,33998.4,0
514,12/5/2023,3,23.5,13.1,17.7,34066.29,0
496,12/6/2023,2,23.1,11.9,17.4,33447.13,0
191,12/7/2023,51,21.1,12.5,16.2,0,0.9
588,12/8/2023,1,22,11.8,16.4,33637.88,0
669,12/9/2023,1,21.5,10.3,15.6,33792.64,0
574,12/10/2023,1,20,9.8,14.8,33802.38,0
729,12/11/2023,3,20.1,8.3,14.4,33385.96,0
587,12/12/2023,0,21.2,10.2,15.2,32960.91,0
600,12/13/2023,51,19.9,9.6,14.4,33418.92,0.1
640,12/14/2023,0,19.5,8.5,13.7,33437.02,0
562,12/15/2023,0,19.7,9.3,13.9,33318.89,0
526,12/16/2023,0,20.3,8.9,14.3,33340.27,0
661,12/17/2023,1,21.1,9.2,14.5,33356.93,0
689,12/18/2023,1,20.1,9,14.1,33222.59,0
676,12/19/2023,1,20,8.7,13.9,32826.05,0
536,12/20/2023,1,21.8,9.1,14.6,32436.43,0
677,12/21/2023,1,22.1,8.7,14.9,33091.86,0
567,12/22/2023,1,21.6,9.5,15.3,30597.08,0
612,12/23/2023,2,22.4,11.4,16,31952.39,0
688,12/24/2023,0,22.8,9.8,15.7,32965.42,0
693,12/25/2023,0,22.4,10.6,15.5,32840.43,0
681,12/26/2023,0,22.1,10,15.6,32841.8,0
584,12/27/2023,0,22.1,10.3,15.6,32719.24,0
643,12/28/2023,1,22,10,15.7,32410.19,0
613,12/29/2023,0,22.1,10.4,15.6,32722.73,0
230,12/30/2023,1,21.4,10,15.2,32724.14,0
380,12/31/2023,0,21,9.4,14.4,32725.35,0
